0.0,0.0,0.0,0.0,0.0,8000000.0,0.0,0.0,0.0,0.0
1.0,1.1200315836707533,0.0498086863630833,0.0003130050813172337,2.992116090053658e-06,7999998.80047331,0.0,0.02937042086372183,1.1698402700338366,0.053013540078506956
2.0,1.4072848875299007,0.15516590048467963,0.0022242029034858796,4.675904088947954e-05,7999998.325059407,0.0,0.1102188424431876,1.5624507880145804,0.17857690554177533
3.0,1.7726381081678253,0.2709407006873365,0.0060503308287717505,0.00020462091983890332,7999997.723189033,0.0,0.22697720618748052,2.0435788088551616,0.3365595319710265
4.0,2.236453574047991,0.40323428275499273,0.011864317368158388,0.0005542288498630186,7999996.961450784,0.0,0.3864428164232325,2.6396878568029836,0.535733177683152
5.0,2.8245644105656624,0.559131489494887,0.019857175443756436,0.0011784498373955492,7999995.997542053,0.0,0.5977264232327433,3.3836959000605495,0.7871644898673398
6.0,3.569713025479193,0.7470826564267353,0.03034902542746083,0.0021702854512214197,7999994.777915111,0.0,0.8727698969617428,4.316795681905928,1.1048300469818795
7.0,4.513373715497506,0.9773637641706675,0.04380705178156525,0.0036383650060602974,7999993.234797654,0.0,1.2270194539040542,5.490737479668174,1.506393407137828
8.0,5.708060831440804,1.2626400504799018,0.060871456166176986,0.005713310226669684,7999991.28242211,0.0,1.6802922468320303,6.970700881920706,2.014187367808414
9.0,7.220250938532446,1.618664074745127,0.08239090098433174,0.008555319099514715,7999988.812253951,0.0,2.2578848230086614,8.838915013277573,2.656456062076312
10.0,9.134081551606918,2.0651467753258803,0.10946945430531158,0.01236338622600471,7999985.686953487,0.0,2.991985351966315,11.199228326932799,3.468925974029114
11.0,11.556032209693871,2.6268497379370723,0.14352767815079412,0.017386669419164346,7999981.732735334,0.0,3.923468378414619,14.182881947630943,4.496793254924124
12.0,14.620848279904608,3.3349592420051266,0.1863812819029807,0.02393863275525759,7999976.729700472,0.0,5.104172097302824,17.955807521909733,5.79723787991637
13.0,18.49903698094609,4.228818359730734,0.24034173410420245,0.03241475156774543,7999970.399603223,0.0,6.599784957710097,22.727855340676825,7.4426044899663895
14.0,23.40635252860026,5.358113323958865,0.3083444428896304,0.04331476363993604,7999962.390372678,0.0,8.493502268885797,28.764465852559123,9.524426843853561
15.0,29.615797880119402,6.785635664817527,0.39411164514224584,0.057270704209152444,7999952.256527826,0.0,10.890656286551694,36.40143354493693,12.158519721468785
16.0,37.47281042417446,8.59077364630748,0.5023590720094112,0.07508228445906477,7999939.434397201,0.0,13.924577377947585,46.063584070481944,15.491421477878193
17.0,47.41447587858862,10.873927090940814,0.6390578906024064,0.09776158187862537,7999923.210765258,0.0,17.764012305316108,58.28840296952943,19.708545543930494
18.0,59.99383841310143,13.762091012893709,0.8117664934514862,0.1265895289429644,7999902.683202328,0.0,22.62251222872059,73.75592942599513,25.044494170982663
19.0,75.91065797886469,17.41591843269308,1.0300505889989904,0.16318734282850755,7999876.709873145,0.0,28.770312512832724,93.32657641155777,31.79610789339563
20.0,96.0503236173631,22.038654914575318,1.3060149533068894,0.20960686977961113,7999843.846034745,0.0,36.549364898895874,118.08897853193842,40.33897619213442
21.0,121.53308384376001,27.887441293205416,1.654976407116832,0.2684448694457056,7999802.2636958435,0.0,46.39235774358959,149.42052513696544,51.148327100516305
22.0,153.77632689686033,35.28761247375994,2.096315426861129,0.342987595383286,7999749.649976082,0.0,58.84678152237582,189.06393937062026,64.82545662695333
23.0,194.57336601219893,44.650786333544865,2.6545537168877806,0.43739371178782066,7999683.078523341,0.0,74.60537688517931,239.2241523457438,82.13116629711816
24.0,246.19309727241392,56.49774674549058,3.3607176105373546,0.55692571670964,7999598.846855968,0.0,94.54465668582687,302.6908440179045,104.0280657686051
25.0,311.5060494654076,71.48739007118765,4.254063020594832,0.708242736449629,7999492.270613631,0.0,119.77364107166258,382.99343953659525,131.73408868837663
26.0,394.14379871539194,90.45333958176397,5.384257696021538,0.8997709635020902,7999357.423322559,0.0,151.6955104796361,484.5971382971559,166.79019062953154
27.0,498.7005529338005,114.45025530141564,6.814141858911784,1.142172319412286,7999186.807281412,0.0,192.08559616838045,613.1508082352161,211.14598187584056
28.0,630.9880189198873,144.81240046442758,8.62322027374747,1.448937371595872,7998970.93739235,0.0,243.19003061346083,775.8004193843149,267.268037491799
29.0,798.3575680070063,183.2276985414703,10.912079174435792,1.8371354187999218,7998697.814999323,0.0,307.85051952580375,981.5852665484766,338.27687575582644
30.0,1010.1073622469039,231.83136200282047,13.80797241766429,2.3283633604598246,7998352.26280539,0.0,389.66213457332105,1241.9387242497244,428.1201701909592
31.0,1277.996673105184,293.3242395001688,17.47188546316224,2.9499459550338716,7997915.0844184905,0.0,493.1728374760833,1571.320912605353,541.7917430076382
32.0,1616.895337625318,371.12236600386046,22.107466692450224,3.736453947310414,7997362.00264865,0.0,624.1357270676283,1988.0177036291784,685.6083816111234
33.0,2045.6034147700598,469.54587668844374,27.972317375588577,4.73162405168841,7996662.318898185,0.0,789.8278689178258,2515.1492914585033,867.5596517365401
34.0,2587.8849337223346,594.0575399090727,35.39225947491574,5.990786851689321,7995777.221312892,0.0,999.4531671417876,3181.942473631407,1097.749805950464
35.0,3273.7705150158345,751.5637726620334,44.7793608015521,7.583936479834714,7994657.651168001,0.0,1264.651247030961,4025.334287677868,1388.9557926734237
36.0,4141.196973499994,950.7942345879032,56.654697539255814,9.599610921663256,7993241.614534663,0.0,1600.139948779292,5091.991208087897,1757.3314830220436
37.0,5238.068160537114,1202.780079601587,71.67708407018014,12.14979572673428,7991450.798839205,0.0,2024.52604084787,6440.848240138701,2223.295813471746
38.0,6624.840598664938,1521.455813215389,90.6793102469962,15.376118993370744,7989186.320716941,0.0,2561.327441925281,8146.296411880327,2812.6518905196226
39.0,8377.760075503127,1924.415593007661,114.71380918545196,19.457674374091066,7986323.391921992,0.0,3240.2609259243495,10302.175668510788,3557.9955442144587
40.0,10592.901129614433,2433.8618312128947,145.11014793667673,24.620894699451185,7982704.643664939,0.0,4098.862331585466,13026.762960827327,4500.485678065944
41.0,13391.189479449551,3077.7921620698053,183.54730299690937,31.152005369587588,7978131.796993552,0.0,5184.52205654567,16468.981641519356,5692.065326278593
42.0,16924.615997200246,3891.480143537897,232.14436501237438,39.41271818274312,7972355.309407615,0.0,6557.037368433643,20816.096140738144,7198.241748230219
43.0,21383.87600362082,4919.315154440559,293.57411997074996,49.859987446277664,7965061.569810432,0.0,8291.80492406997,26303.191158061378,9101.556040304999
44.0,27007.68257812551,6217.077086441173,371.20487492159475,63.07084586374274,7955857.163001893,0.0,10483.801612733972,33224.759664566685,11505.896982250686
45.0,34093.99552681776,7854.730180150805,469.2769122213113,79.77357216634839,7944249.695260207,0.0,13252.528548417024,41948.725706968566,14541.838606522624
46.0,43013.35955215054,9919.82516049013,593.1210097840883,100.8867185812556,7929624.68781523,0.0,16748.11974374335,52933.18471264067,18373.203222862387
47.0,54224.42614804707,12521.595395840179,749.4274395878191,127.56784346087859,7911218.143257036,0.0,21158.83991600762,66746.02154388724,23205.065878240326
48.0,68291.49886044866,15795.814252610757,946.574542640092,161.27414583850083,7888084.629812156,0.0,26720.208386284095,84087.31311305941,29293.413324974194
49.0,85903.52627176576,19910.43655382137,1195.02602116142,203.8375663771551,7859061.196321792,0.0,33725.97726506119,105813.96282558714,36956.63592486449
50.0,107893.28424220346,25071.961519313656,1507.8049200503845,257.5572670699789,7822728.246943604,0.0,42541.14510773523,132965.24576151712,46588.94239656703
51.0,135254.43124960174,31532.306136563333,1901.0490230976968,325.3126657695218,7777369.824113211,0.0,53617.07681173321,166786.73738616507,58675.613011778405
52.0,169152.57622962934,39595.73873398277,2394.6458083339435,410.7002747540049,7720937.747419192,0.0,67508.59153408387,208748.31496361212,73809.70368617239
53.0,210924.39262187952,49625.06091920196,3012.933480401703,518.1973095671275,7651026.888337327,0.0,84892.5273315962,260549.4535410815,92709.32846239723
54.0,262056.19540245083,62045.71417592263,3785.435792910605,653.3541526513759,7564872.558572117,0.0,106586.74190392169,324101.9095783735,116233.92592131319
55.0,324130.59662545327,77345.8184027584,4747.570093087805,823.0159432087016,7459385.282813402,0.0,133567.71612206392,401476.41502821166,145396.91791385415
56.0,398727.69474908203,96069.36870482731,5941.228488959493,1035.5704027567356,7331242.263502458,0.0,166983.87415188743,494797.06345390936,181370.91366334082
57.0,487267.29822586145,118799.0682371633,7415.081369686397,1301.2140377117,7177056.8594129905,0.0,208160.47871655945,606066.3664630248,225480.23287682005
58.0,590783.3312897101,146124.858038969,9224.394947471144,1632.221705673566,6993644.496157641,0.0,258590.6978605101,736908.1893286791,279174.35015551985
59.0,709633.6570226351,178594.60827484386,11430.101367760599,2043.1951095552333,6778391.868181957,0.0,319906.57004322443,888228.265297479,343975.4996913311
60.0,843170.0272457092,216645.2901306214,14096.8323541997,2551.254651083982,6529712.848734952,0.0,393823.74688341096,1059815.3173763305,421394.9799497185
61.0,989422.2925002448,260516.81326666332,17289.65625619531,3176.127835716567,6247539.275213535,0.0,482055.8349276195,1249939.105766908,512816.5717215312
62.0,1144880.6230573868,310156.64512859203,21069.378436642863,3940.0790237322913,5933754.770105369,0.0,586198.5042482516,1455037.2681859788,619352.4050883286
63.0,1304474.2574085242,365130.3212249583,25486.499343675012,4867.623943804535,5592451.047807121,0.0,707590.2502718961,1669604.5786334826,741685.9132568227
64.0,1461827.3292892934,424558.63004307885,30574.26211119297,5984.982532719103,5229890.198008622,0.0,847164.5980150682,1886385.9593323723,879925.8144729872
65.0,1609812.156454491,487103.32643049664,36341.5963793063,7319.248366340747,4854108.500731101,0.0,1005315.1716382387,2096915.4828849877,1033500.4993820798
66.0,1741329.7143335796,551017.0460286193,42767.058047657105,8897.291490046726,4474191.483395968,0.0,1181797.4067041024,2292346.760362199,1201119.9137563587
67.0,1850161.3183114706,614259.7022175975,49794.94028933148,10744.457854232985,4099352.9043841697,0.0,1375686.6769431678,2464421.020529068,1380820.5514667365
68.0,1931697.794192323,674666.8362426857,57334.503164800415,12883.17213740924,3738015.1359375673,0.0,1585402.5583251847,2606364.6304350086,1570091.1713259208
69.0,1983385.528892095,730141.4405226856,65262.75952237538,15331.579368679462,3397082.8133047526,0.0,1808795.8783893848,2713526.969414781,1766058.5199634265
70.0,2004818.2993184011,778835.2156588515,73430.60164796654,18102.365567632543,3081530.0423235013,0.0,2043283.4754836194,2783653.5149772526,1965700.3713293318
71.0,1997506.8913514903,819289.7917713868,81671.45382656311,21201.8766954303,2794321.210094533,0.0,2286008.776260573,2816796.683122877,2166051.247422777
72.0,1964432.0381215804,850520.4366444902,89811.258662917,24629.6142593336,2536601.070598627,0.0,2534005.5817130273,2814952.4747660705,2364373.3797570025
73.0,1909510.054717219,872039.0068079857,97678.52208056458,28378.135611521066,2308047.650961927,0.0,2784346.6298207585,2781549.0615252047,2558277.617901663
74.0,1837081.5065079385,883824.6019873233,105113.31993415832,32433.338758755897,2107282.1033363384,0.0,3034265.129475461,2720906.1084952615,2745791.2702978086
75.0,1751492.513355847,886257.0573874534,111974.50706041018,36775.073934479624,1932256.6681408447,0.0,3281244.1801209426,2637749.5707433005,2925378.9763535485
76.0,1656796.4635231579,880029.9951628781,118144.75246514809,41378.001377460234,1780576.4683191625,0.0,3523074.319152171,2536826.458686036,3095927.5542508685
77.0,1556572.9348817107,866058.1073237542,123533.3634147743,46212.606635226504,1649740.1285747138,0.0,3757882.859169799,2422631.042205465,3256706.9073521616
78.0,1453843.4723356173,845389.4963258544,128077.10903908053,51246.28844101072,1537303.2865819496,0.0,3984140.347276466,2299232.9686614717,3407317.797741929
79.0,1351058.082227368,819129.7496231641,131739.40022983015,56444.445841665525,1440978.463098168,0.0,4200649.858979783,2170187.831850532,3547634.897963103
80.0,1250127.6420924095,788380.8638375492,134508.24050624925,61771.50692252867,1358687.320806683,0.0,4406524.425834561,2038508.5059299588,3677750.941963257
81.0,1169450.5255716788,755014.0694284291,136398.72381479118,67191.91075961033,1270301.7673405702,0.0,4601643.003084899,1924464.5950001078,3798799.0765665984
82.0,1088871.969927739,720373.9600722436,137461.08425222768,72671.43926684059,1194459.8541880944,0.0,4786161.692292833,1809245.9299999825,3911770.7842655345
83.0,1009818.8765645382,684769.5139650352,137752.75136329385,78178.09668880563,1129579.890265214,0.0,4959900.871153094,1694588.3905295734,4016749.4448181135
84.0,933351.8368112692,648565.7725024654,137332.18099828484,83682.20125806639,1074259.9075350838,0.0,5122808.100894812,1581917.6093137346,4113942.613936972
85.0,860223.2523568753,612143.1061792524,136259.41487212895,89156.44016944,1027270.5262455037,0.0,5274947.260176775,1472366.3585361277,4203648.25913654
86.0,790932.8534601178,575869.0557961096,134595.93528293492,94575.93198549275,987541.8182208661,0.0,5416484.405254451,1366801.9092562273,4286226.708262777
87.0,725778.0350982673,540080.0983608558,132404.09592980344,99918.27408131522,954147.3430669226,0.0,5547672.153462807,1265858.133459123,4362077.909691769
88.0,664897.820707233,505071.002214213,129746.3354132764,105163.56246449576,926287.4247283972,0.0,5668833.854472354,1169968.822921446,4431623.417959368
89.0,608310.1810434152,471089.7973579638,126684.31926018822,110294.37832928686,903272.9264679855,0.0,5780348.39754113,1079399.978401379,4495292.448192012
90.0,555942.9941177364,438336.74865954684,123278.10830165548,115295.74055220735,884510.2216594366,0.0,5882636.186709387,994279.7427772832,4553511.345481281
91.0,507659.23554870987,406966.0538286189,119585.41445130901,120155.02649074678,869487.6876331569,0.0,5976146.582047425,914625.2893773287,4606695.860610378
92.0,463277.12186639017,377089.2807300198,115660.97763556533,124861.86532270355,857763.8172941579,0.0,6061346.937151127,840366.4025964099,4655245.690153265
93.0,422585.9556545921,348779.8048908849,111556.07806631729,129408.00910567857,848956.9057252897,0.0,6138713.2465572,771365.760545477,4699540.813196028
94.0,385358.38555041986,322077.7088870135,107318.18460094329,133787.18702126291,842736.1945344384,0.0,6208722.339405886,707436.0944374334,4739939.230428028
95.0,351359.7258889822,296994.7647356549,102990.73119204483,137994.9481125779,838814.322506904,0.0,6271845.507563801,648354.4906246371,4776775.77947056
96.0,320354.8992396107,273519.24400204694,98613.00820506814,142028.49739107976,836940.9215359613,0.0,6328543.4296262,593874.1432416576,4810361.760829735
97.0,292113.481743842,251620.39392539495,94220.15271395321,145886.52960000338,836897.2014297429,0.0,6379262.240587029,543733.875669237,4840985.161065022
98.0,266413.2525075058,231252.4870955431,89843.22101290963,149569.06426414615,838491.3793346727,0.0,6424430.595785188,497665.7396030489,4868911.303828307
99.0,243042.57754493278,212358.40208138584,85509.32692000901,153077.28498864893,841554.8250017536,0.0,6464457.583463238,455400.9796263186,4894383.795997714
100.0,221801.89714130483,194872.72722486994,81241.83055379416,156413.38533226756,845938.8094540201,0.0,6499731.350293712,416674.6243661748,4917625.666069514
101.0,202504.53303038894,178724.40313985766,77060.56381278449,159580.42299732516,851511.760377577,0.0,6530618.316642035,381228.93617024657,4938840.616200849
102.0,184976.98787836792,163838.9341856925,72982.08054719158,162582.18356197717,858156.9420248735,0.0,6557462.871801869,348815.9220640604,4958214.328707059
103.0,169058.87331362462,150140.20761788083,69019.92122134476,165423.05453564756,865770.4902756185,0.0,6580587.4530358575,319199.0809315054,4975915.783222538
104.0,154602.5731376116,137551.96304457544,65184.88361738237,168107.91014525446,874259.744682818,0.0,6600292.925372333,292154.53618218703,4992098.55284978
105.0,141472.72439706852,125998.95561235081,61485.29275900679,170642.00695441008,883541.8289104983,0.0,6616859.19136664,267471.68000941933,5006902.057062691
106.0,129545.579771264,115407.8550460691,57927.26470103437,173030.89017438862,893542.4390863117,0.0,6630545.971220907,244953.43481733312,5020452.7564161485
107.0,118708.29941058479,105707.92004595142,54514.96011932633,175280.3103374629,904194.8064149558,0.0,6641593.703671693,224416.21945653623,5032865.279675806
108.0,108858.20824608728,96831.48416172348,51250.82474384475,177396.14986300806,915438.8060997288,0.0,6650224.526885576,205689.69240781077,5044243.47817539
109.0,99902.04527217081,88714.2855190604,48135.814611794915,179384.35894743324,927220.1893634025,0.0,6656643.306286106,188616.33079123122,5054681.405322855
110.0,91755.22388316966,81295.66894510822,45169.60489058064,181250.90014380688,939489.9192943159,0.0,6661038.682842988,173050.8928282779,5064264.221446105
111.0,84341.11660303688,74518.6853132129,42350.78164728779,183001.7009598343,952203.5945000921,0.0,6663584.120976507,158859.8019162498,5073069.025781969
112.0,77590.3731439147,68330.10941983807,39677.0164396606,184642.6137881216,965320.9472425662,0.0,6664438.939965869,145920.48256375277,5081165.6185195
113.0,71440.27738619047,62680.3944873293,37145.22399020095,186179.38248561634,978805.4049497313,0.0,6663749.316700904,134120.67187351978,5088617.19652976
114.0,65834.14636460674,57523.57848790887,34751.7034965759,187617.6149356128,992623.7058348418,0.0,6661649.250880422,123357.72485251562,5095480.986844
115.0,60720.77249104155,52817.15491591837,32492.264343252515,188962.7609522427,1006745.5608672269,0.0,6658261.4864302855,113537.92740695992,5101808.822154528
116.0,56053.90889968476,48521.9183894029,30362.337125023787,190220.09492104253,1021143.3555902874,0.0,6653698.385074524,104575.82728908765,5107647.662665721
117.0,51791.7968489258,44601.79352078381,28357.070985116527,191394.70260758363,1035791.8863164021,0.0,6648062.749721154,96393.59036970961,5113040.068561558
118.0,47896.733464642784,41023.653835623954,26471.418319574517,192491.471607352,1050668.1260846348,0.0,6641448.596688136,88920.38730026674,5118024.627215189
119.0,44334.67768932994,37757.13611133113,24700.20791477574,193515.08495252967,1065751.0164769855,0.0,6633941.876855011,82091.81380066107,5122636.339072349
120.0,41074.89205371078,34774.45432612294,23038.207574058284,194470.01743386535,1081021.2819786093,0.0,6625621.146633597,75849.34637983372,5126906.965913356
121.0,38089.617767663425,32050.216425247003,21480.17725900931,195360.53423751658,1096461.264058295,0.0,6616558.190252232,70139.83419291044,5130865.344953267
122.0,35353.78060083562,29561.246300287676,20020.91372639985,196190.6915369307,1112054.7725551245,0.0,6606818.595280382,64915.026901123296,5134537.671987568
123.0,32844.72506351801,27286.412714327173,18655.287587421197,196964.33871802743,1127786.9523000326,0.0,6596462.283616632,60131.137777845186,5137947.756539239
124.0,30541.974484670623,25206.466368943224,17378.27365533106,197685.121951835,1143644.163188582,0.0,6585544.000350595,55748.44085361385,5141117.251718141
125.0,28427.014700852316,23303.88587902692,16184.97538366075,198356.48886212564,1159613.8721634208,0.0,6574113.763010869,51730.900579879235,5144065.86126879
126.0,26483.099205437247,21562.733081011538,15070.644131957577,198981.69406639892,1175684.5557694216,0.0,6562217.27374573,48045.832286448785,5146811.526060571
127.0,24695.073753167173,19968.517834330367,14030.693931316902,199563.80539676227,1191845.6121177622,0.0,6549896.296966617,44663.59158749754,5149370.592066567
128.0,23049.218564373576,18508.072271823294,13060.712358947041,200105.71063290306,1208087.2812426514,0.0,6537189.004929255,41557.29083619687,5151757.96168388
129.0,21533.106421504017,17169.43430129466,12156.468070610586,200610.12460251202,1224400.572960249,0.0,6524130.293643779,38702.54072279867,5153987.23007021
130.0,20135.475094681246,15941.740048061769,11313.915482620305,201079.59652533993,1240777.2014470883,0.0,6510752.071402157,36077.215142743014,5156070.808007769
131.0,18846.1126707445,14815.12484916368,10529.19704153445,201516.51749566686,1257209.5258480771,0.0,6497083.522094758,33661.23751990818,5158020.032656179
132.0,17655.7544902001,13780.632357251932,9798.64347001538,201923.12801449894,1273690.4963041353,0.0,6483151.345363844,31436.38684745203,5159845.267419878
133.0,16555.990517963754,12830.131280501098,9118.772331571257,202301.52549743233,1290213.6048588627,0.0,6468979.9755136175,29386.121798464854,5161555.992032022
134.0,15539.182086368868,11956.239269560527,8486.285215071512,202653.67169699757,1306772.8407638837,0.0,6454591.780968066,27495.421355929393,5163160.883845215
135.0,14598.387052616363,11152.25345983993,7898.06380191546,202981.3999895679,1323362.649755075,0.0,6440007.245940929,25750.640512456295,5164667.891218193
136.0,13727.292507848215,10412.087184196938,7351.16504438459,203286.4224867503,1339977.8969179047,0.0,6425245.135858859,24139.379692045153,5166084.299796801
137.0,12920.15426168431,9730.212384874278,6842.815652831094,203570.3369396909,1356613.8328004433,0.0,6410322.64796042,22650.36664655859,5167416.792405463
138.0,12171.742404814842,9101.607272309395,6370.406061730636,203834.63341208463,1373266.0624682365,0.0,6395255.548380772,21273.349677124235,5168671.5031917365
139.0,11477.29232358997,8521.708800607903,5931.484020025695,204080.70070398363,1389930.5172265514,0.0,6380058.296925187,19999.001124197872,5169854.066600461
140.0,10832.460605023713,7986.369553771311,5523.7479293716215,204309.83251387818,1406603.4287633693,0.0,6364744.16063453,18818.830158795023,5170969.66169445
141.0,10233.285328767211,7491.818662212609,5145.040034635584,204523.23333107968,1423281.3054911045,0.0,6349325.317152146,17725.10399097982,5172023.05228557
142.0,9676.150294934836,7034.626394922442,4793.339554060573,204722.02405427137,1439960.9108870195,0.0,6333812.948814738,16710.776689857277,5173018.623292321
143.0,9157.752783694978,6611.672098290183,4466.7558216725265,204907.24733528675,1456639.2436518243,0.0,6318217.328309179,15769.42488198516,5173960.413697196
144.0,8675.074484748964,6220.1151776131865,4163.521501570275,205079.87264982073,1473313.5195234308,0.0,6302547.896662763,14895.18966236215,5174852.146438844
145.0,8225.35527267054,5857.368841440092,3881.9859225004957,205240.8010989357,1489981.1545984535,0.0,6286813.334265946,14082.724114110631,5175697.255539849
146.0,7806.069537986579,5521.076351879151,3620.6085714008386,205390.86994696772,1506639.750028041,0.0,6271021.625563673,13327.14588986573,5176498.910740089
147.0,7414.904814237195,5209.089545726654,3377.952776227398,205530.85690281016,1523287.0779671923,0.0,6255180.117993755,12623.99435996385,5177260.03987826
148.0,7049.742468416818,4919.449411655915,3152.6796012132063,205661.4841526282,1539921.0686680032,0.0,6239295.575698029,11969.191880072733,5177983.349239496
149.0,6708.640246493491,4650.3685277230215,2943.541971593148,205783.422152853,1556539.7986174568,0.0,6223374.22848383,11359.008774216512,5178671.342064984
150.0,6389.816487427935,4400.215181093827,2749.3790396505196,205897.29319288424,1573141.4796294947,0.0,6207421.8164694,10790.031668521762,5179326.33539971
151.0,6091.635838534731,4167.499008204417,2569.1107995768257,206003.6747373146,1589724.4488093997,0.0,6191443.630806926,10259.134846739147,5179950.475436844
152.0,5812.596322387852,3950.858008580908,2401.732954986642,206103.1025577148,1606287.15931594,0.0,6175444.550840347,9763.45433096876,5180545.751501325
153.0,5551.317620989695,3749.0467993213283,2246.312039901137,206196.0736641122,1622828.1718534725,0.0,6159429.078022161,9300.364420311023,5181114.008801148
154.0,5306.530456792685,3560.92598984949,2101.980791525236,206283.04904627425,1639346.1468322873,0.0,6143401.366883229,8867.456446642176,5181656.96006196
155.0,5077.066962561651,3385.452568058947,1967.9337711213047,206364.45623480287,1655839.8371409737,0.0,6127365.253322437,8462.519530620597,5182176.196149344
156.0,4861.85194315064,3221.671199447936,1843.423227661926,206440.6916918641,1672308.0814795995,0.0,6111324.280458237,8083.523142598577,5182673.195772671
157.0,4659.894942180989,3068.706350377005,1727.7551976689715,206512.12304113642,1688749.7982069945,0.0,6095281.722261603,7728.601292557994,5183149.334355482
158.0,4470.283035474338,2925.755155232432,1620.2858336651059,206579.0911462815,1705163.979659538,0.0,6079240.605169769,7396.03819070677,5183605.892148926
159.0,4292.174281026957,2792.0809551201705,1520.4179529333296,206641.91204691769,1721549.6869025794,0.0,6063203.727861384,7084.255236147128,5184044.061657403
160.0,4124.7917624114425,2667.007442814085,1427.5977977612813,206700.87876073798,1737906.044878969,0.0,6047173.679357272,6791.799205225528,5184464.95443889
161.0,3967.4181688475796,2549.9133551020673,1341.311998006263,206756.26296005258,1754232.23792229,0.0,6031152.855595663,6517.331523949647,5184869.607336496
162.0,3819.390860876062,2440.2276594735777,1261.0847266248456,206808.31653066323,1770527.5056051249,0.0,6015143.474617199,6259.61852034964,5185258.988192317
163.0,3680.097375668138,2337.4251873281974,1186.4750387421898,206857.2730206041,1786791.1388952555,0.0,5999147.590482363,6017.522562996335,5185634.001089871
164.0,3548.971330574534,2241.0226706080603,1117.0743848687348,206903.34898590573,1803022.476594992,0.0,5983167.106033014,5789.994001182595,5185995.49116696
165.0,3425.488687614701,2150.575143015731,1052.5042889868296,206946.7452401633,1819220.902040921,0.0,5967203.784599264,5576.063830630432,5186344.249036985
166.0,3309.164345283111,2065.672670816633,992.4141824108724,206987.64801432533,1835385.8400432798,0.0,5951259.260743849,5374.837016099744,5186681.014853078
167.0,3199.549027347776,1985.9373816819855,936.4793845577005,207026.23003275853,1851516.7540459158,0.0,5935335.050127702,5185.4864090297615,5187006.482046244
168.0,3096.2264412775635,1911.020763141098,884.3992220374124,207062.65151129445,1867613.1434893461,0.0,5919432.558572868,5007.247204418662,5187321.300765893
169.0,2998.810681594799,1840.6012050142594,835.8952777785256,207097.06108262678,1883674.5413609173,0.0,5903553.090392032,4839.4118866090585,5187626.081048489
170.0,2906.943855839922,1774.3817627199255,790.7097622268104,207129.5966541037,1899700.5119173492,0.0,5887697.856047725,4681.3256185598475,5187921.3957376005
171.0,2820.2939129840574,1712.0881206200256,748.6039989971761,207160.38620264494,1915690.6485661848,0.0,5871867.979198533,4532.382033604083,5188207.783176735
172.0,2738.552656058422,1653.4667366102217,709.3570177066894,207189.54851122026,1931644.571893735,0.0,5856064.503184633,4392.019392668644,5188485.749694202
173.0,2661.4339225092212,1598.2831510004023,672.7642470692138,207217.1938510367,1947561.927828121,0.0,5840288.397000225,4259.717073509623,5188755.771897623
174.0,2588.671917353084,1546.3204443851967,638.6363016842552,207243.4246133152,1963442.3859269551,0.0,5824540.560796275,4134.992361738281,5189018.298794123
175.0,2520.0196856193406,1497.3778306933364,606.7978563010596,207268.33589428247,1979285.6377799977,0.0,5808821.8309530765,4017.397516312677,5189273.753750781
176.0,2455.247711837315,1451.2693729449834,577.0866016811905,207292.01603675698,1995091.3955179267,0.0,5793132.984758823,3906.5170847822983,5189522.536308695
177.0,2394.1426354739165,1407.8228104526822,549.3522765166828,207314.54713148688,2010859.390419028,0.0,5777474.74472701,3801.9654459265985,5189765.023862804
178.0,2336.5060722617827,1366.8784872879824,523.4557701846948,207336.00548117387,2026589.3716062887,0.0,5761847.782582768,3703.384559549765,5190001.573218494
179.0,2282.1535322926416,1328.2883728141762,499.2682914322683,207356.46202992307,2042281.1048279135,0.0,5746252.72294559,3610.441905106818,5190232.5220352225
180.0,2230.913426594502,1291.9151659669183,476.6705983853788,207375.98276066154,2057934.371314862,0.0,5730690.146733498,3522.8285925614205,5190458.190166369
181.0,2182.626154674162,1257.6314757586536,455.5522855643454,207394.629062893,2073548.9667094657,0.0,5715160.594311613,3440.257630432816,5190678.88090374
182.0,2137.1432661962513,1225.3190711985558,435.8111238625232,207412.4580729899,2089124.7000596446,0.0,5699664.568406082,3362.462337394807,5190894.882134582
183.0,2094.3266905942874,1194.8681944650834,417.3524497068181,207429.5229890639,2104661.3928736425,0.0,5684202.5368025005,3289.194885059371,5191106.467418145
184.0,2054.048028974239,1166.1769317503492,400.08859986694273,207445.87336231477,2120158.878230595,0.0,5668774.934846475,3220.2249607245885,5191313.896988302
185.0,2016.1879031830981,1139.1506367207123,383.9383886155997,207461.5553666132,2135616.9999425425,0.0,5653382.1677623,3155.3385399038107,5191517.418688223
186.0,1980.6353573790027,1113.7014020121537,368.82662416414684,207476.61204795612,2151035.611763873,0.0,5638024.612804594,3094.336759391156,5191717.268842578
187.0,1947.2873078604857,1089.7475746071032,354.68366150806753,207491.08355530343,2166414.5766444053,0.0,5622702.621256291,3037.034882467589,5191913.673072294
188.0,1916.0480372945044,1067.2133113261784,341.44498901412504,207505.00735420224,2181753.7660226487,0.0,5607416.520285489,2983.261348620683,5192106.847056544
189.0,1886.828729830067,1046.0281710179643,329.05084626682145,207518.418424498,2197053.0591559396,0.0,5592166.6146724215,2932.8569008480313,5192296.997246152
190.0,1859.5470438998148,1026.126740346125,317.4458708661699,207531.34944333616,2212312.3424844635,0.0,5576953.188417059,2885.6737842459397,5192484.321532427
191.0,1834.12671979902,1007.4482903592456,306.5787720323051,207543.83095457178,2227531.509026249,0.0,5561776.506236959,2841.5750101582657,5192669.009874996
192.0,1810.4972193928734,989.9364612877814,296.40202902557843,207555.89152561716,2242710.4578005536,0.0,5546636.81496409,2800.433680680655,5192851.244891989
193.0,1788.593395541186,973.5389732471918,286.87161253402877,207567.5578926842,2257849.0932770805,0.0,5531534.34484888,2762.132368788378,5193031.20241571
194.0,1768.3551890469805,958.2073607389514,277.94672731397714,207578.85509530726,2272947.3248487096,0.0,5516469.310778851,2726.562549785932,5193209.052016578
195.0,1749.727351133954,943.8967290340923,269.5895744944551,207589.8066009627,2288005.06632553,0.0,5501441.913418811,2693.6240801680465,5193384.957498061
196.0,1732.6591896392276,930.5655306990373,261.7651320727511,207600.4344205447,2303022.2354480755,0.0,5486452.340278934,2663.224720338265,5193559.077365061
197.0,1717.1043372739714,918.1753606825544,254.44095223700063,207610.75921539514,2317998.7534177923,0.0,5471500.766716586,2635.2796979565255,5193731.565267949
198.0,1703.0205404567378,906.6907685272945,247.58697425293985,207620.8003965382,2332934.5444428506,0.0,5456587.35687734,2609.7113089840323,5193902.57042453
199.0,1690.3694673641292,896.0790864009975,241.17535174612195,207630.5762167162,2347829.535297522,0.0,5441712.264580217,2586.4485537651267,5194072.238021787
200.0,1679.1165339719928,886.310271762302,235.18029329850103,207640.10385578402,2362683.654893408,0.0,5426875.634151741,2565.4268057342947,5194240.709599369
201.0,1669.230746978733,877.3567635854316,229.57791535972999,207649.39949997133,2377496.833860857,0.0,5412077.601213211,2546.5875105641644,5194408.123416487
202.0,1660.6845626116526,869.1933511677986,224.3461065491991,207658.4784154896,2392269.00413902,0.0,5397318.293425121,2529.8779137794513,5194574.614803925
203.0,1653.4537604183577,861.7970546357843,219.46440249512474,207667.35501692118,2407000.098572983,0.0,5382597.831192505,2515.250815054142,5194740.31650264
204.0,1647.5173312390546,855.1470163474398,214.91387042225747,207676.04293079564,2421690.0505165136,0.0,5367916.328334639,2502.6643475864944,5194905.358990486
205.0,1642.8573786427874,849.2244024673782,210.67700276033864,207684.55505473065,2436338.7934389575,0.0,5353273.892722399,2492.0817811101656,5195069.870798363
206.0,1639.4590331920367,844.0123140594301,206.73761910163066,207692.90361248323,2450946.260534861,0.0,5338670.626886261,2483.471347251467,5195233.978817185
207.0,1637.310378976244,839.4957071072753,203.08077588797244,207701.10020523315,2465512.384334932,0.0,5324106.628597822,2476.8060860835194,5195397.808596844
208.0,1636.4023919263752,835.6613209329089,199.69268325615283,207709.15585939688,2480037.0963169406,0.0,5309581.9914275035,2472.0637128592844,5195561.484638443
209.0,1636.7288894901028,832.4976145378774,196.5606285152311,207717.0810712479,2494520.3265151996,0.0,5295096.805280968,2469.2265040279804,5195725.130680914
210.0,1638.2864913111064,829.9947104432891,193.6729057710023,207724.88584859786,2508962.0031272126,0.0,5280651.156916619,2468.2812017543956,5195888.869983124
211.0,1641.0745906168177,828.1443456520342,191.01875125136007,207732.57974977745,2523362.0521161607,0.0,5266245.130446497,2469.218936268852,5196052.825602623
212.0,1645.0953360771448,826.9398294008856,188.58828392205874,207740.17192013457,2537720.396807789,0.0,5251878.8078226345,2472.0351654780306,5196217.120672006
213.0,1650.3536239526609,826.376007411514,186.37245101554007,207747.6711262561,2552036.9574802904,0.0,5237552.269311031,2476.729631364175,5196381.878673989
214.0,1656.8571004048902,826.4492323883157,184.36297812625608,207755.08578810125,2566311.6509457845,0.0,5223265.59395515,2483.306332793206,5196547.223716204
215.0,1664.6161738939677,827.1573405475924,182.55232355447498,207762.4240092236,2580544.3901218567,0.0,5209018.860030876,2491.77351444156,5196713.2808067035
216.0,1673.6440376405196,828.4996339973377,180.93363660707524,207769.69360524556,2594735.0835917043,0.0,5194812.145494754,2502.1436716378576,5196880.17613123
217.0,1683.9567021793819,830.476868819947,179.50071958846422,207776.90213073848,2608883.6351513164,0.0,5180645.5284273075,2514.433570999329,5197048.037333188
218.0,1695.5730380830848,833.0912487418061,178.24799323766504,207784.056904651,2622989.9433420687,0.0,5166519.087473165,2528.664286824891,5197216.993797416
219.0,1708.5148289832377,836.3464243041749,177.17046538892987,207791.16503441907,2637053.9009670843,0.0,5152432.902279769,2544.8612532874126,5197387.176938691
220.0,1722.8068350683282,840.2474974792652,176.26370265309248,207798.23343888242,2651075.3945895988,0.0,5138387.053936266,2563.0543325475933,5197558.720496094
221.0,1738.476867287267,844.8010317041426,175.52380493539218,207805.2688701248,2665054.304011545,0.0,5124381.625414352,2583.2778989914095,5197731.7608341975
222.0,1755.5558725396752,850.0150673332514,174.94738262279625,207812.27793434792,2678990.5017304295,0.0,5110416.702012679,2605.570939872927,5197906.4372522775
223.0,1774.078030186639,855.8991425381312,174.53153629003285,207819.26711188332,2692883.8523725225,0.0,5096492.3718065275,2629.97717272477,5198082.892302538
224.0,1794.0808602697396,862.4643197105067,174.27383878870862,207826.24277643938,2706734.2121002735,0.0,5082608.726104466,2656.5451799802463,5198261.2721185945
225.0,1815.6053438820227,869.7232174524726,174.17231959814063,207833.2112136767,2720541.4279917167,0.0,5068765.859913625,2685.328561334495,5198441.726755361
226.0,1838.6960561923715,877.690048265235,174.225451329943,207840.17863920057,2734305.337389546,0.0,5054963.872415418,2716.3861044576065,5198624.410541594
227.0,1863.4013126849075,886.3806620759154,174.43213829108498,207847.15121605515,2748025.7672174047,0.0,5041202.867453439,2749.781974760823,5198809.482446383
228.0,1889.773329237876,895.8125957704348,174.79170702213528,207854.13507179718,2761702.533260743,0.0,5027482.954035382,2785.585925008311,5198997.106460944
229.0,1917.8683967322754,906.0051289297089,175.30389873881833,207861.13631523144,2775335.4394095,0.0,5013804.246850822,2823.8735256619843,5199187.451997132
230.0,1947.747070949651,916.9793459963937,175.9688636158957,207868.16105287898,2788924.2768596425,0.0,5000166.866806873,2864.726416946045,5199380.694304156
231.0,1979.474378591374,928.7582051304244,176.78715686281183,207875.21540525137,2802468.8232704257,0.0,4986570.941583699,2908.2325837217986,5199577.014905071
232.0,2013.1200403286796,941.366614043804,177.75973655058618,207882.30552300502,2815968.8418740663,0.0,4973016.606211963,2954.486654372484,5199776.602054702
233.0,2048.758711874217,954.8315131385941,178.88796315914027,207889.43760303973,2829424.0805342407,0.0,4959504.003674507,3003.590225012811,5199979.651220753
234.0,2086.470244152243,969.1819663071647,180.17360082368282,207896.61790461486,2842834.27074963,0.0,4946033.28553443,3055.652210459408,5200186.365589942
235.0,2126.3399637362927,984.4492597905075,181.61882026800131,207903.8527655471,2856199.126598491,0.0,4932604.612592125,3110.7892235268,5200396.95660117
236.0,2168.458974820693,1000.6670095291403,183.22620342156975,207911.14861855938,2869518.343619915,0.0,4919218.1555737145,3169.1259843498333,5200611.644507753
237.0,2212.9244840960996,1017.8712774819115,184.99874972633432,207918.51200784795,2882791.597627159,0.0,4905874.095853647,3230.795761578011,5200830.658970968
238.0,2259.840150009782,1036.1006974311715,186.93988414794853,207925.94960593482,2896018.5434481613,0.0,4892572.626214273,3295.940847440954,5201054.239687304
239.0,2309.3164580093276,1055.3966108384234,189.05346691512042,207933.46823087422,2909198.8135879375,0.0,4879313.951645389,3364.713068847751,5201282.637051869
240.0,2361.4711234941656,1075.8032133630343,191.34380501968838,207941.07486388393,2922332.0168072227,0.0,4866098.290186978,3437.2743368572,5201516.112860682
241.0,2416.429524333501,1097.3677127080061,193.81566551908762,207948.7766674718,2935417.736611386,0.0,4852925.87381854,3513.7972370415073,5201754.941054714
242.0,2474.3251649525932,1120.140498511539,196.47429069206441,207956.58100412987,2948455.5296431035,0.0,4839796.94939857,3594.4656634641324,5201999.4085086975
243.0,2535.3001741421313,1144.1753250613096,199.3254151078894,207964.49545567326,2961444.9239719217,0.0,4826711.779658052,3679.475499203441,5202249.81586799
244.0,2599.5058389088585,1169.5295076704188,202.37528467896985,207972.5278433002,2974385.4172733217,0.0,4813670.64425208,3769.0353465792773,5202506.478436987
245.0,2667.1031768598145,1196.2641336200033,205.6306777767009,207980.68624845435,2987276.474889361,0.0,4800673.840873892,3863.367310479818,5202769.727122769
246.0,2738.263549798652,1224.444288643982,209.09892850069943,207988.97903457357,3000117.5277624195,0.0,4787721.686436026,3962.707838442634,5203039.909438015
247.0,2813.1693214109478,1254.1393000064716,212.7879522022636,207997.41486981447,3012907.9702329985,0.0,4774814.518323528,4067.308621417419,5203317.39056742
248.0,2892.014562127038,1285.4229973025067,216.7062733740631,208006.00275084304,3025647.1576917917,0.0,4761952.695724524,4177.437559429545,5203602.554502154
249.0,2975.0058044766524,1318.3739921981246,220.86305602973846,208014.7520277902,3038334.4040757027,0.0,4749136.601043764,4293.379796674777,5203895.8052472845
250.0,3062.362852489744,1353.075978416885,225.26813670933177,208023.67243047312,3050968.9791965764,0.0,4736366.641405296,4415.438830906629,5204197.568107372
251.0,3154.3196489538027,1389.6180533769466,229.93206025933515,208032.7740959911,3063550.1058907798,0.0,4723643.250250602,4543.93770233075,5204508.291055784
252.0,3251.1252046097698,1428.0950629862168,234.86611854969385,208042.0675978104,3076076.9569767835,0.0,4710966.889039222,4679.220267595987,5204828.446193781
253.0,3353.044593657512,1468.6079712131161,240.08239230439332,208051.56397645813,3088548.652007117,0.0,4698338.049059215,4821.652564870628,5205158.531305745
254.0,3460.3600202481985,1511.2642561676507,245.59379623735109,208061.27477195303,3100964.25379998,0.0,4685757.253355379,4971.624276415849,5205499.071517397
255.0,3573.3719609654277,1556.1783345519423,251.41412770129162,208071.21205811127,3113322.76473492,0.0,4673225.0587837165,5129.55029551737,5205850.621064374
256.0,3692.4003886401997,1603.4720164715807,257.5581190741626,208081.3884788703,3125623.1227957173,0.0,4660742.058201194,5295.872405111781,5206213.765178998
257.0,3817.7860832071347,1653.2749927394143,264.0414941255194,208091.81728678624,3137864.1973426035,0.0,4648308.882800505,5471.061075946549,5206589.122103675
258.0,3949.89203569105,1705.725356951938,270.8810286242187,208102.51238386746,3150044.7845946113,0.0,4635926.2046002215,5655.617392642987,5206977.345239904
259.0,4089.1049518142017,1760.9701647755896,278.0946154687886,208113.48836492217,3162163.602801585,0.0,4623594.739101401,5850.075116589791,5207379.125442537
260.0,4235.836862134895,1819.1660330461766,285.7013346430387,208124.76056360325,3174219.287083957,0.0,4611315.248122581,6055.002895181071,5207795.193469574
261.0,4390.526846067606,1880.4797814594854,293.72152832189107,208136.34510135336,3186210.383916936,0.0,4599088.542825833,6271.006627527091,5208226.322598531
262.0,4553.642877592299,1945.089119814983,302.1768814761185,208148.25893946044,3198135.3452342195,0.0,4586915.486947406,6498.731997407282,5208673.3314211
263.0,4725.683800934915,2013.1833839672538,311.09050834970634,208160.5199344514,3209992.5221246416,0.0,4574797.000247625,6738.867184902168,5209137.0868287645
264.0,4907.18144499076,2084.9643238413933,320.48704520995705,208173.14689706796,3221780.1580935065,0.0,4562734.062195354,6992.145768832153,5209618.507202657
265.0,5098.702885765117,2160.6469470786183,330.3927497982673,208186.1596550821,3233496.3818584993,0.0,4550727.71590375,7259.3498328437345,5210118.565822132
266.0,5300.852866617593,2240.460422096329,340.835607938743,208199.57912022935,3245139.1996482066,0.0,4538779.072334881,7541.313288713922,5210638.294507236
267.0,5514.276386615216,2324.6490445721,351.84544779249734,208213.42735955544,3256706.4869692777,0.0,4526889.314792157,7838.9254311873165,5211178.7875114
268.0,5739.661467818288,2413.4732715925675,363.45406227757945,208227.7276714913,3268195.9798062146,0.0,4515059.703720579,8153.134739410855,5211741.20568167
269.0,5977.742112837068,2507.2108279445188,375.6953402079903,208242.5046669954,3279605.2652156902,0.0,4503291.5818363,8484.952940781586,5212326.780904931
270.0,6229.301464498139,2606.1578892651432,388.6054067400923,208257.78435612275,3290931.7712750663,0.0,4491586.379608287,8835.459353763283,5212936.820859754
271.0,6495.175179937967,2710.6303470089497,402.2227737508309,208273.59424040458,3302172.7563426006,0.0,4479945.621116278,9205.805526946917,5213572.714094651
272.0,6776.255031886144,2820.965160427767,416.58850080942364,208289.9634114501,3313325.2975845574,0.0,4468370.930310851,9597.220192313911,5214235.9354547905
273.0,7073.492750298292,2937.521800994156,431.7463674423795,208306.92265620688,3324386.2787221586,0.0,4456864.037702882,10011.014551292448,5214928.051880607
274.0,7387.904117832515,3060.6837949231376,447.74305743064957,208324.50456934597,3335352.376949083,0.0,4445426.787511367,10448.587912755653,5215650.728602898
275.0,7720.573332913953,3190.8603696577484,464.62835591709285,208342.74367326865,3346220.048968004,0.0,4434061.145300226,10911.433702571701,5216405.735760565
276.0,8072.657654276345,3328.48821037419,482.4553601418992,208361.6765462631,3356985.516092464,0.0,4422769.206136468,11401.145864650534,5217194.955468389
277.0,8445.392340880313,3474.0333327253506,501.2807046626954,208381.34195937222,3367644.7483585165,0.0,4411553.203303833,11919.425673605663,5218020.389363678
278.0,8840.095900953303,3627.993078168349,521.1648019541906,208401.78102257068,3378193.4475885765,0.0,4400415.517607767,12468.088979121652,5218884.166661996
279.0,9258.175663538439,3790.898238302623,542.1720993187107,208423.03734088343,3388627.0293484745,0.0,4389358.687309472,13049.073901841062,5219788.552753594
280.0,9701.133685334882,3963.315314667663,564.3713530730055,208445.15718111754,3398940.6037373873,0.0,4378385.418728408,13664.449000002545,5220735.958373356
281.0,10170.573004710352,4145.848920399802,587.8359210072522,208468.1896499183,3409128.9549494763,0.0,4367498.597554481,14316.421925110153,5221728.949378449
282.0,10668.204253508444,4339.144330008988,612.6440741380696,208492.18688389947,3419186.519545806,0.0,4356701.300912635,15007.348583517432,5222770.257168899
283.0,11195.85263559096,4543.8901832898655,638.879328797123,208517.20425264112,3429107.3633753415,0.0,4345996.810224334,15739.742818880826,5223862.789787315
284.0,11755.4652788722,4760.82134900446,666.6308001088955,208543.30057538778,3438885.1570850643,0.0,4335388.624911556,16516.28662787666,5225009.6437348155
285.0,12349.11896482731,4990.721953440425,695.9935779134244,208570.5383523253,3448513.150161223,0.0,4324880.476990264,17339.840918267735,5226214.116540735
286.0,12979.028235990763,5234.4285782292445,727.0691261799321,208598.98401135215,3457984.143447049,0.0,4314476.346601194,18213.456814220008,5227479.720123858
287.0,13647.55387768751,5492.833630869072,759.9657069325959,208628.7081713078,3467290.4600869003,0.0,4304180.478526299,19140.38750855658,5228810.194982921
288.0,14357.211765029057,5766.888890197388,794.7988296670679,208659.78592265604,3476423.9148530345,0.0,4293997.399739413,20124.100655226444,5230209.525253301
289.0,15110.682059913663,6057.609227555408,831.6917271721181,208692.29712666236,3485375.7818194856,0.0,4283931.938039205,21168.29128746907,5231681.95466587
290.0,15910.818735231042,6366.076502528255,870.7758585807126,208726.32673413717,3494136.76035797,0.0,4273989.241811544,22276.895237759298,5233232.00344181
291.0,16760.659394506296,6693.443629875559,912.1914403541509,208761.9651248499,3502696.939443954,0.0,4264174.800966451,23454.103024381853,5234864.486154709
292.0,17663.435344625585,7040.938811522495,956.0880057460511,208799.30846873988,3511045.7602772117,0.0,4254494.469092145,24704.37415614808,5236584.530587522
293.0,18622.58186684926,7409.869924189942,1002.6249930936768,208838.45911007444,3519171.977241025,0.0,4244954.486864758,26032.451791039202,5238397.597607029
294.0,19641.74861679959,7801.6290493255665,1051.972363035299,208879.52597570734,3527063.6172480565,0.0,4235561.506747063,27443.377666125154,5240309.502072397
295.0,20724.810067256072,8217.697127368017,1104.3112444458977,208922.6250085923,3534707.9375494653,0.0,4226322.619002863,28942.50719462409,5242326.434786667
296.0,21875.875888133407,8659.648712939443,1159.8346085105957,208967.87962769144,3542091.3821176714,0.0,4217245.379045044,30535.52460107285,5244454.985490364
297.0,23099.30113567361,9129.156801214132,1218.7479699057415,209015.42121538369,3549199.536753076,0.0,4208337.836124737,32228.457936887742,5246702.166884896
298.0,24399.696097371227,9627.997688344034,1281.2701135204543,209065.38963343028,3556017.0831114855,0.0,4199608.563355839,34027.69378571526,5249075.4396593375
299.0,25781.9356101813,10158.055820318645,1347.6338445145348,209117.93376847642,3562527.7519031405,0.0,4191066.689053355,35939.99143049994,5251582.738477403
300.0,27251.167636863393,10721.328574877998,1418.0867587586422,209173.21210796802,3568714.2755765556,0.0,4182721.929344963,37972.49621174139,5254232.498861697
301.0,28812.820848642776,11319.93090996037,1492.89202982525,209231.3933472265,3574558.340871796,0.0,4174584.6219925345,40132.751758603146,5257033.68488891
302.0,30472.61092151539,11956.099799530772,1572.3292076788514,209292.65702825118,3580040.5417092782,0.0,4166665.7613337305,42428.71072104616,5259995.817582634
303.0,32236.545208347638,12632.198363387428,1656.6950230350824,209357.19421060316,3585140.3329721577,0.0,4158977.034222454,44868.74357173507,5263129.003858855
304.0,34110.9253993731,13350.719581578875,1746.3041900043272,209425.2081744577,3589835.9858438848,0.0,4151530.856810682,47461.644980951976,5266443.965843098
305.0,36102.347729842164,14114.289466300974,1841.490198089089,209496.91515558353,3594104.545477867,0.0,4144340.4119722983,50216.637196143136,5269952.070336811
306.0,38217.70023567781,14925.66954452697,1942.6060828494528,209572.5451116227,3597921.791903838,0.0,4137419.6871214663,53143.36978020478,5273665.358163623
307.0,40464.15649648095,15787.7584831422,2050.0251625717196,209652.34251857264,3601262.2052157265,0.0,4130783.5121234865,56251.91497962315,5277596.573073209
308.0,42849.16524083408,16703.592665050375,2164.1417260578755,209736.56719582612,3604098.936238065,0.0,4124447.5969341486,59552.75790588446,5281759.189821315
309.0,45380.43512262054,17676.345499704945,2285.3716541869185,209825.49515748108,3606403.7840317334,0.0,4118428.568534255,63056.78062232549,5286167.440978634
310.0,48065.913910459756,18709.325225004675,2414.1529551761396,209919.41948688633,3608147.181773789,0.0,4112744.006648665,66775.23913546444,5290836.341948957
311.0,50913.76126728497,19805.970929799423,2550.9461904900586,210018.65123052555,3609298.1927281828,0.0,4107412.4776536957,70719.73219708439,5295781.713597873
312.0,53932.31423604614,20969.846497844555,2696.234765112915,210123.5203063622,3609824.5182114476,0.0,4102453.5659831646,74902.16073389069,5301020.2018080605
313.0,57130.04449363119,22204.63214555554,2850.5250524336698,210234.37642064271,3609692.5196459396,0.0,4097887.9022417734,79334.67663918673,5306569.293185994
314.0,60515.50639221211,23514.113198183044,3014.3463203188485,210351.58998590033,3608867.2569778506,0.0,4093737.187125511,84029.61959039516,5312447.326048912
315.0,64097.27477995837,24902.165723122995,3188.2504211119667,210475.55303148308,3607312.5459110914,0.0,4090024.2101332084,88999.44050308137,5318673.495721347
316.0,67883.87158688605,26372.738616326944,3372.811204361571,210606.68009636836,3604991.036563351,0.0,4086772.8619326847,94256.61020321299,5325267.853069178
317.0,71883.68018282096,27929.831719813177,3568.6236071274607,210745.40909229562,3601864.316277029,0.0,4084008.1391208926,99813.51190263414,5332251.2950985
318.0,76104.84657017533,29577.469537036126,3776.3023728572466,210892.20212336708,3597893.0394036914,0.0,4081756.1399928527,105682.31610721146,5339645.546349809
319.0,80555.16657230696,31319.67011062194,3996.480346203074,211047.5462462382,3593037.086912501,0.0,4080044.04981211,111874.8366829289,5347473.12972863
320.0,85241.95832704323,33160.40863631643,4229.806287934196,211211.95415284138,3587255.758635567,0.0,4078900.1139602787,118402.36696335967,5355757.325336715
321.0,90171.91960318129,35103.57541081942,4476.942151504203,211385.9647553066,3580508.000839196,0.0,4078353.597239973,125275.49501400071,5364522.115808547
322.0,95350.96973396685,37152.92775265766,4738.55976109909,211570.14365036404,3572752.6715818187,0.0,4078434.7275200738,132503.8974866245,5373792.116622771
323.0,100784.07631361956,39312.035597713766,5015.336830409419,211765.0834380909,3563948.8459680295,0.0,4079174.621852117,140096.11191133334,5383592.489854106
324.0,106475.06723745796,41584.220557872635,5307.952262259198,211971.40386744693,3554056.1629155623,0.0,4080605.193159382,148059.2877953306,5393948.839866664
325.0,112426.42918748935,43972.48834575016,5617.080671941638,212189.75177869556,3543035.214400968,0.0,4082759.035615136,156398.91753323952,5404887.089532584
326.0,118639.09427466526,46479.45461357258,5943.386082038913,212420.80081061082,3530847.9773260825,0.0,4085669.286893009,165118.54888823786,5416433.33569926
327.0,125112.21724331006,49107.26443231168,6287.514744035471,212665.25083841826,3517458.287141288,0.0,4089369.4656006144,174219.48167562173,5428613.682833146
328.0,131842.9464139856,51857.50584953394,6650.087052566621,212923.82710683023,3502832.351169498,0.0,4093893.2824075636,183700.45226351955,5441454.054045976
329.0,138826.19237309907,54731.118211158275,7031.688532046447,213197.27902142893,3486939.2982017775,0.0,4099274.4236604664,193557.31058425736,5454979.97906737
330.0,146054.39928806448,57728.29621176281,7432.859893013513,213486.37856117467,3469751.7593969386,0.0,4105546.3066490227,203782.6954998273,5469216.359171288
331.0,153517.32460445078,60848.39094640925,7854.086177057144,213791.91827512204,3451246.473841316,0.0,4112741.8061556187,214365.71555086004,5484187.209595055
332.0,161201.83372610394,64089.80956777849,8295.785034761191,214114.708827669,3431404.9103536685,0.0,4120892.952489993,225291.64329388243,5499915.38060714
333.0,169091.7170418929,67449.91549645542,8758.294210685119,214455.57605901227,3410213.895311054,0.0,4130030.601880876,236541.63253834832,5516422.259078639
334.0,177167.53728704804,70924.93147707579,9241.85834275087,214815.35753108747,3387666.2344979555,0.0,4140184.080864058,248092.46876412383,5533727.453181798
335.0,185406.51565096097,74509.8481032135,9746.615220032167,215194.8985342782,3363761.3153303433,0.0,4151380.807161148,259916.36375417447,5551848.463660513
336.0,193782.46520210736,78198.34073083755,10272.581682086771,215595.04753670152,3338505.6743784784,0.0,4163645.8904697653,271980.8059329449,5570800.34596927
337.0,202265.78003125737,81982.69794292704,10819.639383561858,216016.65106600168,3311913.5140150827,0.0,4177001.7175611486,284248.47797418444,5590595.368428614
338.0,210823.48795982156,85853.76489375453,11387.520688455346,216460.5480233318,3284007.1513589844,0.0,4191467.527075631,296677.2528535761,5611242.672361633
339.0,219419.3736769751,89800.9049273034,11975.79499744068,216927.56344055975,3254817.382573869,0.0,4207058.980383829,309220.2786042785,5632747.940915739
340.0,228014.1777317351,93811.98280815379,12583.855847096327,217418.5017045809,3224383.7461090414,0.0,4223787.735799371,321826.1605398889,5655113.083893678
341.0,236565.8749137326,97873.37270564548,13210.909149551399,217934.13928678166,3192754.6697030896,0.0,4241661.034241177,334439.2476193781,5678335.946370743
342.0,245030.0332379908,101969.99371867951,13855.962962672305,218475.21703089654,3159987.487949375,0.0,4260681.305100365,347000.02695667034,5702410.049117859
343.0,253360.25206670346,106085.37521139398,14517.819192184801,219042.43206836304,3126148.3199412036,0.0,4280845.801520131,359445.62727809744,5727324.368842361
344.0,261508.67495093736,110201.75355002475,15195.06762591072,219636.42944635806,3091311.799925803,0.0,4302146.2745009465,371710.4285009621,5753063.16596813
345.0,269426.5696855485,114300.20099947165,15886.082684775805,220257.79356945085,3055560.657901821,0.0,4324568.695158911,383726.77068502014,5779605.867083548
346.0,277064.96499623713,118360.78657632247,16589.023244074622,220907.0395706321,3018985.1515490245,0.0,4348093.034063685,395425.7515725596,5806927.008282918
347.0,284375.3303913215,122362.76759619906,17301.835830971802,221584.60474074155,2981682.355592866,0.0,4372693.105847874,406738.09798752057,5834996.244424495
348.0,291310.2831915041,126284.80954025012,18022.26144047606,222290.84015634833,2943755.3194590653,0.0,4398336.486212331,417595.0927317542,5863778.4278537575
349.0,297824.304770224,130105.23074960377,18747.846133137056,223026.0026543262,2905312.108623904,0.0,4424984.507068778,427929.53551982774,5893233.758439171
350.0,303874.4467447984,133802.2673941688,19475.955485412258,223790.2473061157,2866464.74917212,0.0,4452592.333897359,437676.7141389672,5923318.004901225
351.0,309421.0073683392,137354.35321165825,20203.79286087885,224583.62054550857,2827328.0985088605,0.0,4481109.127504725,446775.3605799975,5953982.795458202
352.0,314428.15875100595,140740.4077300697,20928.421360891145,225406.05410037868,2788018.6677426277,0.0,4510478.290314995,455168.56648107566,5985175.973848488
353.0,318864.50679794705,143940.1261214295,21646.789201238484,226257.35987091836,2748653.4228183096,0.0,4540637.795190125,462804.63291937654,6016842.014906813
354.0,322703.5678434923,146934.2635251496,22355.758151602622,227137.22588462746,2709348.591951124,0.0,4571520.592643971,469637.8313686419,6048922.492156899
355.0,325924.148783883,149704.9066506598,23052.13457206604,228045.21344172145,2670218.506278154,0.0,4603055.090273483,475629.0554345428,6081356.58841439
356.0,328510.6209125131,152235.72572975885,23732.702490353036,228980.75554416594,2631374.498957373,0.0,4635165.696365805,480746.34664227196,6114081.639237472
357.0,330453.08145389846,154512.20043087396,24394.258089215153,229943.15667776833,2592923.8853202304,0.0,4667773.418027983,484965.2818847724,6147033.698267271
358.0,331747.4007651989,156521.81414499218,25033.644918983675,230931.59399039153,2554969.043290803,0.0,4700796.502889604,488269.21491019113,6180148.113094655
359.0,332395.15711173386,158254.21206637155,25647.78911842603,231945.11988125008,2517606.609327274,0.0,4734151.1124949185,490649.3691781054,6213360.10028192
360.0,332403.4646214031,159701.3196683513,26233.7339191458,232982.6659873386,2480926.800846049,0.0,4767752.014957687,492104.78428975435,6246605.308543308
